Rollouts,Learning Rate,Reward,Samples,Timesteps
0,1,6.290444629224243,0,0
412,1,19.936459684245765,206,414000
824,1,19.936459684245765,206,828000
